{
    "1to17": {
        "full": [
            0.9215160608291626,
            0.9772621393203735
        ]
    },
    "1to52": {
        "full": [
            0.7750965356826782,
            0.9720820188522339
        ]
    },
    "1to82": {
        "full": [
            0.7289400100708008,
            0.9654682278633118
        ]
    },
    "1to122": {
        "full": [
            0.49750983715057373,
            0.9661465883255005
        ]
    },
    "1to271": {
        "full": [
            0.8805052638053894,
            0.9573585391044617
        ]
    }
}