{
    "1to17": {
        "nolabel": [
            0.9021998047828674,
            0.9786386489868164
        ]
    },
    "1to52": {
        "nolabel": [
            0.7466704249382019,
            0.9734718799591064
        ]
    },
    "1to82": {
        "nolabel": [
            0.7160247564315796,
            0.971030056476593
        ]
    },
    "1to122": {
        "nolabel": [
            0.49825406074523926,
            0.9714525938034058
        ]
    },
    "1to271": {
        "nolabel": [
            0.824080228805542,
            0.9658165574073792
        ]
    }
}